id,first_name,lastname,email,date_emploi,date_demission
100,Idriss,Reinke,Reinke@yopmail.com,2023-01-05,
101,Idriss,Ciapas,Ciapas@yopmail.com,2022-06-12,
102,Joseph,Bevin,Bevin@yopmail.com,2021-02-19,
103,Durand,Frodi,Frodi@yopmail.com,2022-07-17,2023-05-12
104,Joseph,Urias,Urias@yopmail.com,2021-03-14,
105,Legrand,Kirstin,Kirstin@yopmail.com,2023-01-03,2023-05-29
106,Rodolphe,Ovid,Ovid@yopmail.com,2020-10-08,
107,Idriss,Bobbee,Bobbee@yopmail.com,2022-12-02,
108,William,Sinegold,Sinegold@yopmail.com,2020-04-06,
109,Ornel,Rosemary,Rosemary@yopmail.com,2022-10-07,
